Customer_ID,First_Name,Last_Name,Email,Registration_Date
AS-10045,Aaron,Smayling,Aaron.Smayling@gmail.com,2017-01-01
EB-13840,Ellis,Ballard,Ellis.Ballard@gmail.com,2017-01-18
LH-17155,Logan,Haushalter,Logan.Haushalter@gmail.com,2017-03-12
KC-16540,Kelly,Collister,Kelly.Collister@gmail.com,2017-08-20
BF-11170,Ben,Ferrer,Ben.Ferrer@gmail.com,2017-10-25
BF-11275,Beth,Fritzler,Beth.Fritzler@gmail.com,2018-01-15
DR-12880,Dan,Reichenbach,Dan.Reichenbach@gmail.com,2018-04-01
LB-16795,Laurel,Beltran,Laurel.Beltran@gmail.com,2018-05-20
RO-19780,Rose,O'Brian,Rose.O'Brian@gmail.com,2018-06-28
SP-20920,Susan,Pistek,Susan.Pistek@gmail.com,2018-08-10
AZ-10750,Annie,Zypern,Annie.Zypern@gmail.com,2018-09-25
DB-13270,Deborah,Brumfield,Deborah.Brumfield@gmail.com,2018-10-11
PN-18775,Parhena,Norris,Parhena.Norris@gmail.com,2018-11-10
SC-20020,Sam,Craven,Sam.Craven@gmail.com,2018-12-17
TB-21280,Toby,Braunhardt,Toby.Braunhardt@gmail.com,2019-01-07
CM-11830,Cari,MacIntyre,Cari.MacIntyre@gmail.com,2019-01-14
CA-12265,Christina,Anderson,Christina.Anderson@gmail.com,2019-01-25
TB-21175,Thomas,Boland,Thomas.Boland@gmail.com,2019-03-08
MH-17455,Mark,Hamilton,Mark.Hamilton@gmail.com,2019-04-22
IL-15100,Ivan,Liston,Ivan.Liston@gmail.com,2019-06-01
RB-19330,Randy,Bradley,Randy.Bradley@gmail.com,2019-07-01
JE-15715,Joe,Elijah,Joe.Elijah@gmail.com,2019-07-24
RR-19315,Ralph,Ritter,Ralph.Ritter@gmail.com,2019-10-12
VM-21835,Vivian,Mathis,Vivian.Mathis@gmail.com,2019-10-15
BE-11335,Bill,Eplett,Bill.Eplett@gmail.com,2019-10-27
GA-14725,Guy,Armstrong,Guy.Armstrong@gmail.com,2019-12-01
JL-15850,John,Lucas,John.Lucas@gmail.com,2020-01-17
CL-12640,Corey,Lock,Corey.Lock@gmail.com,2020-04-12
SA-20830,Sue,Ann,Sue.Ann@gmail.com,2020-07-01
GH-14410,Gary,Hansen,Gary.Hansen@gmail.com,2020-09-09
EN-13780,Edward,Nazzal,Edward.Nazzal@gmail.com,2020-09-28
CM-12160,Charles,McCrossin,Charles.McCrossin@gmail.com,2020-09-30
SO-20335,Sean,O'Donnell,Sean.O'Donnell@gmail.com,2020-11-20
MV-20935,Mick,Vittorini,Mick.Vittorini@gmail.com,2020-11-23
CC-18100,Cynthia,Crebagga,Cynthia.Crebagga@gmail.com,2021-01-13
SV-12805,Stefanie,Voltz,Stefanie.Voltz@gmail.com,2021-05-27
PM-20635,Pauline,Holloman,Pauline.Holloman@gmail.com,2021-06-20
NW-19030,Nathan,Webber,Nathan.Webber@gmail.com,2021-08-24
EG-18430,Evan,Gelder,Evan.Gelder@gmail.com,2021-10-09
MM-14200,Mike,Minnotte,Mike.Minnotte@gmail.com,2021-12-06
PB-18190,Patrick,Bzostek,Patrick.Bzostek@gmail.com,2022-01-18
KT-18805,Kean,Takahito,Kean.Takahito@gmail.com,2022-04-23
JB-16465,Jennifer,Braxton,Jennifer.Braxton@gmail.com,2022-06-10
MM-15400,Magdelene,Morse,Magdelene.Morse@gmail.com,2022-06-20
GL-17260,Greg,Lampkin,Greg.Lampkin@gmail.com,2022-09-01
FT-16555,Fred,Tran,Fred.Tran@gmail.com,2022-11-08
LH-14710,Lisa,Harton,Lisa.Harton@gmail.com,2022-11-16
BR-14350,Becky,Ryan,Becky.Ryan@gmail.com,2022-12-12
KM-17035,Ken,Martin,Ken.Martin@gmail.com,2023-01-02
MH-11140,Mary,Heidel,Mary.Heidel@gmail.com,2023-01-05
LD-16630,Lena,Dominguez,Lena.Dominguez@gmail.com,2023-03-11
DC-17500,Dave,Chong,Dave.Chong@gmail.com,2023-03-31
DC-14560,Doug,Cousins,Doug.Cousins@gmail.com,2023-06-09
MC-14755,Michelle,Cacioppo,Michelle.Cacioppo@gmail.com,2023-09-12
SB-16105,Steven,Brooks,Steven.Brooks@gmail.com,2023-10-18
